EP ID,SMILES,Es-Ea (eV),LUMO_sol (eV),HOMO_sol (eV),Dielectric constant of solvents,binary_features,cluster,PC1,PC2,PC3
ep-1361,CC1CCOC1,0.8810797179049700,7.954702715,-7.602315344,8.3931,"[1, 0, 0, 0, 1]",4,-0.6714043948482350,-0.39128523534189100,0.08607902646905770
ep-1529,CC1CCCO1,1.0546870716345300,8.052119456,-7.590614451,1.4146,"[1, 1, 0, 0, 1]",4,-0.7356312451835790,0.88111699274439,0.9947356126021730
ep-154751,CCC1OCCC1(C)C,0.8883978366672690,8.198788794,-7.548164698,4.6494,"[1, 1, 0, 0, 1]",4,-0.806148719632508,0.9955440262226860,0.3945246110976680
ep-154757,CC(C)(C)C1CCCO1,0.8499814327312870,7.920416377,-7.53972917,6.8121,"[1, 1, 0, 0, 1]",4,-0.7264153964525440,1.0140517780162000,0.21508069103979100
ep-154795,CC(C)C1OCCC1C,0.908878781,8.115521971,-7.555783885,3.4375,"[1, 1, 0, 0, 1]",4,-0.8335651208009270,0.9654713555938360,0.5106761827173540
ep-154880,CCC1OCC(C)C1C,0.8527218000806310,7.98436312,-7.520136977,5.1246,"[1, 1, 0, 0, 1]",4,-0.8522385746749830,1.0049933888029700,0.3104394052076250
ep-154884,CCC1CCOC1CC,0.9177685529397830,8.14980831,-7.607213393,4.052,"[1, 1, 0, 0, 1]",4,-0.704433946719732,0.9540524453085820,0.467610284588909
ep-154886,CCC(C)C1CCCO1,0.8703967777479620,7.937287432,-7.547348357,4.4041,"[1, 1, 0, 0, 1]",4,-0.8239487076779810,0.9773137059703360,0.37876458198943400
ep-154889,CCC1OCCCC1C,0.971185802829536,8.293484396,-7.65211217,2.3348,"[1, 1, 0, 0, 1]",4,-0.674725153441601,0.9125021406684290,0.6540417645977440
ep-155025,CC(C)C1CCCCO1,0.9018978512625700,8.258381716,-7.618642172,7.5081,"[1, 1, 0, 0, 1]",4,-0.519857607930692,1.0051416790673900,0.24316089413434900
ep-155105,CCCC1OCCC1C,0.8622800141636480,8.059738642,-7.537008032,6.5873,"[1, 1, 0, 0, 1]",4,-0.73891532101631,1.0198205572458100,0.25000093759724200
ep-155111,CC1COC(C(C)C)C1,0.8553675310487810,7.960961333,-7.577552989,5.7728,"[1, 1, 0, 0, 1]",4,-0.7138375288093590,0.9889860329553880,0.24908290624581900
ep-156502,CCC1CC(C)(C)CO1,0.8624667605124840,7.901640524,-7.535103236,5.6993,"[1, 1, 0, 0, 1]",4,-0.7811454788723490,0.9971238127659760,0.30724874964475100
ep-156507,CCC1CC(C)CCO1,0.9224117644113990,8.286137324,-7.636601683,5.7866,"[1, 1, 0, 0, 1]",4,-0.5629514610068210,0.9737808427664770,0.36661428224163700
ep-156603,CCCC1CCC(C)O1,0.7918774164517430,8.172121642,-7.520136977,3.3218,"[1, 1, 0, 0, 1]",4,-1.0195826202648000,1.015235808549770,0.20903136364575500
ep-156605,CCC1CCCC(C)O1,0.9313646039295430,8.422194224,-7.622179652,2.3149,"[1, 1, 0, 0, 1]",4,-0.7739219378061770,0.944943309531971,0.5535366495279240
ep-156610,CCCC1CCCCO1,0.8793487620340460,8.304368948,-7.577008761,8.0832,"[1, 1, 0, 0, 1]",4,-0.5857173771406550,1.037707824049470,0.17825299598195700
ep-156704,CCCC1CC(C)CO1,0.8158976406294420,8.133753596,-7.633064204,4.4128,"[1, 1, 0, 0, 1]",4,-0.7392457229236250,0.9767302550033390,0.1489787491150830
ep-156785,CCCCC1CCCO1,0.7750877680662130,8.025452303,-7.528300391,7.1013,"[1, 1, 0, 0, 1]",4,-0.8099692482239000,1.0515574396718400,-0.009002077903248240
ep-156788,CCC1CCC(C)CO1,0.9614126008898660,8.269266268,-7.645853552,2.2963,"[1, 1, 0, 0, 1]",4,-0.6959010462579420,0.9152350356720150,0.6349890101474040
ep-157167,CCC1CC(OC)CO1,0.6134002403567470,8.079875063,-7.713609889,7.574,"[1, 1, 0, 0, 1]",4,-0.6248788276246210,1.0390905673829500,-0.6180186009241990
ep-157683,CCC1(C)CCCCO1,0.8879775448350860,7.996336127,-7.549797381,5.2876,"[1, 1, 0, 0, 1]",4,-0.7580839536510170,0.9868357097531850,0.3795454095655300
ep-157705,CCC1OCCOC1C,1.203168954732290,7.929396132,-7.985179461,1.0627,"[1, 1, 0, 0, 1]",4,0.08206540248256700,0.6781652777284010,1.1605323681719300
ep-157757,CCC1CCC(CC)O1,0.9216891601022700,8.403962599,-7.609390303,2.2597,"[1, 1, 0, 0, 1]",4,-0.8075581835222150,0.9503423104530490,0.5396071418318540
ep-165837,CC1(C)COCC1(C)C,0.8953683487190460,8.163141886,-7.577280875,4.9638,"[1, 0, 0, 0, 1]",4,-0.8972688795932360,-0.41146553404479900,0.28714922859983000
ep-165840,CC(C)C1(C)CCOC1,0.9354521766912100,8.05456848,-7.59986632,3.1102,"[1, 0, 0, 0, 1]",4,-0.9126939025821840,-0.46253919718555600,0.480020973228606
ep-165843,CC1CCOCC1(C)C,0.9380493796173340,8.393622275,-7.677962981,5.5811,"[1, 0, 0, 0, 1]",4,-0.6603094533507540,-0.43527933098353100,0.2870795514053300
ep-165847,CC1COC(C)C1(C)C,0.8730005205102730,8.172393755,-7.547348357,4.8962,"[1, 1, 0, 0, 1]",4,-0.8079032102152530,1.0011769318320300,0.3426820351097710
ep-165907,CCC1(C)COCC1C,0.8771490816301370,8.127767092,-7.567484778,6.5408,"[1, 0, 0, 0, 1]",4,-0.845137422911115,-0.3861588334756600,0.17184916320837700
ep-165973,CC1OCC(C)(C)C1C,0.8585616973714650,7.982186209,-7.517687953,6.294,"[1, 1, 0, 0, 1]",4,-0.787576036650541,1.0183397628268200,0.27361552139025600
ep-165974,CCC1COCC1(C)C,0.90734696839339,8.14980831,-7.601499003,4.7233,"[1, 0, 0, 0, 1]",4,-0.8557492164017730,-0.42787398541841400,0.3161429697321420
ep-166273,COC1(C)COCC1C,0.6289419732048640,7.964226698,-7.60558071,8.0053,"[1, 1, 0, 0, 1]",4,-0.7672638006993060,1.070866935567180,-0.5092030506316650
ep-166615,CC(C)C1COCC1C,0.9079899661197370,8.104637419,-7.578097216,4.0397,"[1, 0, 0, 0, 1]",4,-0.9300493611541910,-0.43129142112995000,0.3704113962362840
ep-166620,CCC1COCCC1C,0.9346757732352940,8.386547316,-7.65211217,5.236,"[1, 0, 0, 0, 1]",4,-0.7266591460839980,-0.4294915096878140,0.31262123802455500
ep-166622,CC(C)C1CCCOC1,0.8979465889762260,8.322600573,-7.644765097,7.6007,"[1, 0, 0, 0, 1]",4,-0.6443879117293420,-0.39244093756549900,0.10920398649597100
ep-166627,CCC1C(C)COC1C,0.8653694265359230,8.021098483,-7.517415839,6.2871,"[1, 1, 0, 0, 1]",4,-0.7838975981812340,1.019487549057900,0.2898279528637410
ep-166628,CC(C)C1CCOC1C,0.9106972839946140,8.237973181,-7.574015509,2.971,"[1, 1, 0, 0, 1]",4,-0.8321175401778990,0.9621733773198090,0.5144291578487050
ep-166693,CC(C)(C)C1CCOC1,0.9538967606245420,8.22001367,-7.667078429,3.2989,"[1, 0, 0, 0, 1]",4,-0.7770572842521750,-0.4773739452155480,0.46139658492939600
ep-166767,CCC1COC(C)C1C,0.8625316585141030,8.146542944,-7.523402342,5.779,"[1, 1, 0, 0, 1]",4,-0.8106609330890540,1.0217960096898500,0.2908436119594140
ep-166768,CCC1COCC1CC,0.8908209745217340,8.137291075,-7.581362582,5.6019,"[1, 0, 0, 0, 1]",4,-0.8588125060992080,-0.40593308843995900,0.24374667508883400
ep-166769,CCC(C)C1CCOC1,0.9329819003412840,8.096746119,-7.582723151,3.1651,"[1, 0, 0, 0, 1]",4,-0.944222795374269,-0.4514615277668120,0.47892120599951600
ep-166880,CCCC1COCC1C,0.937456143616541,8.257565375,-7.682316802,3.7519,"[1, 0, 0, 0, 1]",4,-0.7444278274480860,-0.46982596825613100,0.38018115628359700
ep-166881,CC1CC(C(C)C)CO1,0.9212512292170550,8.167767821,-7.648302577,4.1842,"[1, 1, 0, 0, 1]",4,-0.6236393675599190,0.9408377371066760,0.440781451439744
ep-170009,CCC1CCCOC1C,0.8845001842951170,8.094569209,-7.570205916,7.1487,"[1, 1, 0, 0, 1]",4,-0.6312064004438860,1.010751474517490,0.25944914069617700
ep-170024,CCC1CCOC1OC,1.0858067920595200,7.950076781,-7.883136786,2.3052,"[1, 1, 0, 0, 1]",4,-0.14419970213500700,0.7664249974983150,0.8435548523870150
ep-170060,CCC1(C)CCCOC1,0.9274889871652540,8.399064551,-7.668983225,5.2761,"[1, 0, 0, 0, 1]",4,-0.7029920943951330,-0.4322190195648820,0.27773285485111500
ep-170064,CCC1(CC)CCOC1,0.8903004701276710,8.038241652,-7.579729899,5.0771,"[1, 0, 0, 0, 1]",4,-0.8849567946850880,-0.4194221882280040,0.27665291082981900
ep-170099,COCC1CCOC1C,0.8822096820194580,8.010486044,-7.593335589,7.1797,"[1, 1, 0, 0, 1]",4,-0.5870128699528710,0.9965470541088480,0.242593120752693
ep-170109,CCC1COCC(C)C1,0.9177924090940860,8.296205534,-7.585444289,5.1442,"[1, 0, 0, 0, 1]",4,-0.8587619835889570,-0.4081807974054320,0.3242169790080170
ep-170110,CCCC1CCCOC1,0.9454313714192340,8.396343413,-7.668166884,4.5743,"[1, 0, 0, 0, 1]",4,-0.7244897324129980,-0.4458332516163230,0.3617617869686260
ep-170184,CCC1CCC(C)OC1,0.923271501866192,8.325593825,-7.659731356,4.3271,"[1, 1, 0, 0, 1]",4,-0.6028918319981580,0.9502474544415840,0.4181357397751430
ep-170257,CCC1(C)CCOC1C,0.9142095006309580,8.308450655,-7.590614451,3.1216,"[1, 1, 0, 0, 1]",4,-0.7956794137030590,0.9624210625306950,0.4994721527099000
ep-170286,CCCC1CCOC1C,0.8883400728626070,8.030622466,-7.525579253,4.4311,"[1, 1, 0, 0, 1]",4,-0.8478066966166870,0.9879759381080900,0.43491751266555100
ep-170800,CCC1(C)COC(C)C1,0.8697720433213240,7.973750681,-7.527211936,5.1182,"[1, 1, 0, 0, 1]",4,-0.822993742058928,0.996572283030076,0.35437747817499000
ep-170801,CCCC1(C)CCOC1,0.9029943278157240,7.991710192,-7.601226889,4.9198,"[1, 0, 0, 0, 1]",4,-0.8411250155303110,-0.436635296587577,0.3084884989767300
ep-171179,CCC1COCC1OC,0.925902580028602,7.909531825,-7.732113627,7.482,"[1, 1, 0, 0, 1]",4,-0.2816014551842720,0.9282356785699760,0.26194973495697500
ep-171190,CC(C)CC1CCOC1,0.890279231848361,8.0115745,-7.586532744,6.2207,"[1, 0, 0, 0, 1]",4,-0.8100371461260910,-0.4100863381230290,0.22027038813360800
ep-171252,CCCC1COC(C)C1,0.8646519782712390,8.019193686,-7.529388846,6.2528,"[1, 1, 0, 0, 1]",4,-0.765585582479257,1.0146784725295500,0.2812075068427540
ep-171295,CCCCC1CCOC1,0.8942990793046360,8.0352484,-7.580002013,5.5939,"[1, 0, 0, 0, 1]",4,-0.8525275103283430,-0.4145929609821910,0.2635692022925390
ep-171601,COCC1(C)CCOC1,0.9004117944911790,8.010758158,-7.627349814,5.1411,"[1, 0, 0, 0, 1]",4,-0.7874890065951650,-0.44138505981510600,0.27089910919919500
ep-1721,O=C1CCOC1,1.1944874245077100,0.257419655,-7.641227618,1.6088,"[1, 0, 0, 0, 1]",4,-0.23507831181972800,-1.1871391279787200,1.9158992345138300
ep-1739,C1CCOCC1,0.8957751135091660,8.180012942,-7.592791361,8.3513,"[1, 0, 0, 0, 1]",4,-0.6882507748903060,-0.3746395878412200,0.11646865175740900
ep-185953,CCOC1COC(C)C1,0.5579214617039640,8.046132952,-7.621907538,2.9564,"[1, 1, 0, 0, 1]",4,-1.085449535973720,1.0299463021621100,-0.4885836889244030
ep-186580,COC1COCC1OC,0.6307021816747730,7.959600764,-7.703813792,5.4731,"[1, 1, 0, 0, 1]",4,-0.731495018546355,1.0026089082553300,-0.45351401970652400
ep-187125,CCC1OCCC(C)O1,0.950073902041651,7.923409628,-7.916878897,7.4428,"[1, 1, 0, 0, 1]",4,0.059601949582448700,0.8533502464198070,0.200691022286821
ep-1879,C1COCCO1,1.4062710801584500,7.991982306,-8.086950022,1.0691,"[1, 0, 0, 0, 1]",4,0.2873539318626870,-0.8079065186581290,1.5568148979359300
ep-196130,COC1CCC(C)OC1,0.9584289122606400,8.098923029,-7.799597849,6.6728,"[1, 1, 0, 0, 1]",4,-0.18681019614869800,0.8989807435217060,0.32744526539102800
ep-205009,CC1(C)CCOC1(C)C,0.8493790883331990,8.061643439,-7.504898604,5.4637,"[1, 1, 0, 0, 1]",4,-0.8679440006017060,1.0218608331191500,0.2891681223023020
ep-205019,CC1OCCCC1(C)C,0.9416782681479620,8.181373511,-7.59415193,2.8656,"[1, 1, 0, 0, 1]",4,-0.7693398913066910,0.9400718764318790,0.5967832029844290
ep-205542,CC1COCC(C)(C)C1,0.9439806731892130,8.294572852,-7.668983225,4.2291,"[1, 0, 0, 0, 1]",4,-0.7374651842640450,-0.45798756054274200,0.38212734648979500
ep-205622,CC1CCCOC1(C)C,0.8497139713772750,8.027901328,-7.540817626,7.2239,"[1, 1, 0, 0, 1]",4,-0.7085493421182150,1.0272557449782700,0.1849481481859280
ep-205635,CC1CCOC(C)C1C,0.9511417234753420,8.271443179,-7.642588187,2.5489,"[1, 1, 0, 0, 1]",4,-0.69814317977099,0.9226418533855550,0.596472933077681
ep-205675,CC1OC(C)C(C)C1C,0.8374601736481390,8.228177084,-7.505987059,7.8872,"[1, 1, 0, 0, 1]",4,-0.7563142931947640,1.0676341535613700,0.12665920377921500
ep-205680,CC1CCC(C)C(C)O1,0.9291349754872690,8.440425848,-7.642316073,2.2033,"[1, 1, 0, 0, 1]",4,-0.7482249662470920,0.9381852759434820,0.5368748699423860
ep-205736,CC1COC(C)C(C)C1,0.9560124195920580,8.243415457,-7.617553717,2.77,"[1, 1, 0, 0, 1]",4,-0.7232928000192630,0.9310249413430280,0.6196400453666520
ep-205786,COC1COCCC1C,1.0983535669879500,8.227360743,-7.86191191,2.324,"[1, 1, 0, 0, 1]",4,-0.18305911501651300,0.7928805188467340,0.8688196765701270
ep-206970,CCC1COC(C)OC1,0.9725882002310320,8.004227427,-7.95932865,7.0397,"[1, 1, 0, 0, 1]",4,0.12908178262136700,0.8326226495876180,0.24593906169549100
ep-207074,COC1CCC(C)CO1,0.6407648710591360,8.125590182,-7.84476874,5.9761,"[1, 1, 0, 0, 1]",4,-0.45930452776411600,0.9666770438659800,-0.5621157632404740
ep-207164,COC1CC(C)C(C)O1,0.9700981243719640,7.938375887,-7.772930697,4.9564,"[1, 1, 0, 0, 1]",4,-0.3052396588335400,0.8718826356910700,0.47337811061101600
ep-244241,CC1CCCC(C)(C)O1,0.8395786201775370,8.113617175,-7.536463805,6.7107,"[1, 1, 0, 0, 1]",4,-0.7584745512442280,1.0322850951785500,0.17645537903687500
ep-244247,CC1CCOC(C)(C)C1,0.8759442357879750,7.977288161,-7.567212664,5.3569,"[1, 1, 0, 0, 1]",4,-0.7349039042200340,0.9831519463293980,0.33205771263651500
ep-244264,CC1CCC(C)(C)OC1,0.8688625808319670,7.985723689,-7.574559737,6.1214,"[1, 1, 0, 0, 1]",4,-0.6883596012212390,0.9924529105728390,0.27038222725816800
ep-246924,CCOC1COCCO1,1.1006356767403400,7.948716212,-7.977560275,3.0162,"[1, 1, 0, 0, 1]",4,0.07248899363505830,0.7357049830581820,0.7854802709522920
ep-251757,CCC1OC(C)C(C)O1,1.0654013421737800,7.926947108,-7.888851176,2.4076,"[1, 1, 0, 0, 1]",4,-0.14751329793326000,0.7695610028577170,0.7796467178881080
ep-253546,CCOC1CCCOC1,0.490876714492289,8.190081152,-7.679595664,7.0678,"[1, 1, 0, 0, 1]",4,-0.837516097042319,1.0893006580685800,-0.9224699217196890
ep-253620,COC1COCC(C)O1,1.04880894300645,7.914701987,-7.966675723,4.8061,"[1, 1, 0, 0, 1]",4,0.10115393151392500,0.7737360878662410,0.5668121225461850
ep-253710,CCC1COCC(C)O1,1.0730734560380200,7.960961333,-7.865993617,1.4728,"[1, 1, 0, 0, 1]",4,-0.23191002274524000,0.7671276762008100,0.8582178874637880
ep-259260,CC1CC(C)OC(C)C1,0.8698221847226240,8.431173979,-7.62490079,7.059,"[1, 1, 0, 0, 1]",4,-0.5742901455989400,1.0201782581128400,0.15537129477498100
ep-259270,CC1CC(C)C(C)CO1,0.8935993834799730,8.299198786,-7.63850648,5.6949,"[1, 1, 0, 0, 1]",4,-0.5935958080255260,0.9812285786234770,0.28789520187140800
ep-259313,CCCOC1CCCO1,1.023736058603000,7.966947836,-7.871708006,3.5023,"[1, 1, 0, 0, 1]",4,-0.16132076242787800,0.8043748895698960,0.6201593695209900
ep-259338,CC1COCC(C)C1C,0.9522246277672590,8.334845694,-7.666262087,3.7879,"[1, 0, 0, 0, 1]",4,-0.7601174274698670,-0.46153714820413700,0.42440482011109400
ep-259436,COC1(C)CCCCO1,1.106945736513310,8.033343604,-7.908987597,1.5098,"[1, 1, 0, 0, 1]",4,-0.12614015194155300,0.7476561161977370,0.9148522405561250
ep-259547,COC1CCCC(C)O1,0.4866402168851700,8.024635962,-7.822999636,1.4073,"[1, 1, 0, 0, 1]",4,-0.8890725264047590,0.9550664312467820,-0.7541084217457300
ep-26544,CC1(C)OCCC1=O,1.069835196983370,0.459872322,-7.55115795,3.7048,"[1, 1, 0, 0, 1]",4,-0.2444245012333350,0.3187891620251590,1.6090609636993700
ep-26572,CC1(C)CC(=O)CO1,1.022339920160530,0.404905334,-7.54898104,6.0862,"[1, 1, 0, 0, 1]",4,-0.16335276843606200,0.35791418891387200,1.370352507517250
ep-26617,CC1(C)OCOC1=O,1.0253075760592800,0.062858288,-7.575648192,7.0754,"[1, 1, 0, 0, 1]",4,-0.041883504909128200,0.33218630678482700,1.3427642939985200
ep-269273,CC(C)C1CCOCC1,0.9358460030773450,8.23933375,-7.576464533,3.9227,"[1, 0, 0, 0, 1]",4,-0.9193237873449190,-0.42942626960551500,0.44339991488453300
ep-27015,CC1(C)OCC(=O)O1,1.00365636791423,0.101770561,-7.525579253,7.9002,"[1, 1, 0, 0, 1]",4,-0.10763148825037400,0.37011662686571600,1.275131274072370
ep-271173,CCCC1CCOCC1,0.9107990383747780,8.245864481,-7.650479487,7.6632,"[1, 0, 0, 0, 1]",4,-0.6142379093209370,-0.40354580354561100,0.14479138579293500
ep-280015,CC1CC(C)(C)CCO1,0.9081011485845990,8.27797391,-7.642588187,5.5243,"[1, 1, 0, 0, 1]",4,-0.5803073407192210,0.9718029990036800,0.33544682153022500
ep-280026,CC1COCCC1(C)C,0.967228049833087,8.384370406,-7.671160136,3.4521,"[1, 0, 0, 0, 1]",4,-0.7577546880232200,-0.4678297023296090,0.4744884464916400
ep-280038,CCC1(C)CCOCC1,0.9569311031529740,8.390901137,-7.669255339,4.1471,"[1, 0, 0, 0, 1]",4,-0.7340497234003340,-0.4551738299480090,0.4137418542067010
ep-280335,CCC1CCOC(C)C1,0.9221608708447280,8.362329188,-7.61700949,3.8133,"[1, 1, 0, 0, 1]",4,-0.7078007748645340,0.9630567709799100,0.4660121361341930
ep-280341,CCC1CCOCC1C,0.9452611490026930,8.431446093,-7.696466719,5.4962,"[1, 0, 0, 0, 1]",4,-0.6278245674360430,-0.4422558919371740,0.29502695832848400
ep-28060,CC1CC(C)C(C)O1,0.89439662365707,8.152529448,-7.553062747,3.4943,"[1, 1, 0, 0, 1]",4,-0.851487305592283,0.9742451312952830,0.4662282101754460
ep-28062,CCC1CCC(C)O1,0.9264350724764110,8.363145529,-7.611022986,2.9145,"[1, 1, 0, 0, 1]",4,-0.7624964350551310,0.9531456774304050,0.5244110039557260
ep-28067,CC1CCCC(C)O1,0.8909357568221410,8.200421477,-7.548164698,3.9835,"[1, 1, 0, 0, 1]",4,-0.8396552640483470,0.9868157717487430,0.43283537408280300
ep-28079,CC1COCC(C)O1,1.1693647563908800,7.958240195,-7.874701258,1.4434,"[1, 1, 0, 0, 1]",4,-0.12374183005084300,0.7357781252835430,1.1230300994362700
ep-28097,CC1CC(=O)C(C)O1,1.0613742197200500,0.488988499,-7.554967543,4.4973,"[1, 1, 0, 0, 1]",4,-0.20500521672181500,0.3317758096443050,1.542912833181800
ep-28170,CC1OC(=O)C(C)O1,1.009785030320550,0.141227062,-7.550341609,7.8309,"[1, 1, 0, 0, 1]",4,-0.06460719889521000,0.36144612903311100,1.274787791687850
ep-28435,CC1OCCC1(C)C,0.8906660213235900,8.098650916,-7.545715674,4.3827,"[1, 1, 0, 0, 1]",4,-0.8169938175608960,0.984625934844151,0.42374331854212300
ep-28436,CC(C)C1CCCO1,0.8674765135188270,8.212666598,-7.65782656,3.957,"[1, 1, 0, 0, 1]",4,-0.6746448690073210,0.9534610662463550,0.29055470793442500
ep-28440,CC1CCCOC1C,0.8916950636026200,8.008581248,-7.520409091,5.8624,"[1, 1, 0, 0, 1]",4,-0.7750767292119570,1.0046699566592800,0.38242644429883800
ep-28457,CC1OCCOC1C,1.2524946590789800,7.963954585,-7.994703444,1.0914,"[1, 1, 0, 0, 1]",4,0.14661942821681200,0.6636050924959650,1.2874859731714400
ep-28493,CCC1OCCC1C,0.8670634905530290,8.127222865,-7.549525267,5.9071,"[1, 1, 0, 0, 1]",4,-0.7529392564197200,1.0108379713008000,0.2808348097773390
ep-28495,CCC1CCCCO1,0.9099264333063320,8.081235632,-7.532382098,3.8801,"[1, 1, 0, 0, 1]",4,-0.8473449042164410,0.9765515520575,0.5121154380189740
ep-28513,CCOC1CCOC1,0.6264635601990660,7.949804667,-7.669799567,7.7964,"[1, 1, 0, 0, 1]",4,-0.6688112993481110,1.0440439350673300,-0.5500744012174090
ep-28543,CCC1OCCC1=O,1.0612316483663300,0.469668419,-7.560409819,4.7356,"[1, 1, 0, 0, 1]",4,-0.18178714101905200,0.3311778115218480,1.529138699122930
ep-28559,CC1COC(C)C1C,0.8940554388238030,7.995519785,-7.528572505,4.1113,"[1, 1, 0, 0, 1]",4,-0.8523040132057190,0.9785478814273330,0.4668761253925430
ep-28564,CC1CCC(C)OC1,0.890648976567366,8.112256606,-7.556055998,5.8516,"[1, 1, 0, 0, 1]",4,-0.7206301016529920,0.999805593835694,0.34611726894558100
ep-28601,CC1OCC(=O)C1C,1.0416802171050800,0.459600208,-7.558505023,6.3311,"[1, 1, 0, 0, 1]",4,-0.11768699529041400,0.3561639217524670,1.40153675766389
ep-28602,CCC1CC(=O)CO1,1.0599498820721200,0.387490051,-7.563675185,5.5794,"[1, 1, 0, 0, 1]",4,-0.12732405294057600,0.3341351163723330,1.4905943698742300
ep-28614,CCC1CCOC1C,0.8919273496139230,8.105453761,-7.546532015,3.8728,"[1, 1, 0, 0, 1]",4,-0.8422128204322540,0.97827373764041,0.4501224318112980
ep-28616,CCCC1CCCO1,0.875211603426824,7.946539301,-7.541906081,4.3163,"[1, 1, 0, 0, 1]",4,-0.8339073073295460,0.9776165908839100,0.3993842833998820
ep-28620,CC1CCOC(C)C1,0.89347732484269,8.185183104,-7.6270777,7.4884,"[1, 1, 0, 0, 1]",4,-0.5104963039019120,0.9983875426274520,0.2209132122382370
ep-28667,CC1CC(=O)CCO1,0.9844285243759680,0.496879799,-7.377549346,4.8395,"[1, 1, 0, 0, 1]",4,-0.5701339861204440,0.42445123995554000,1.4352911889081000
ep-28803,COC1CCOC1C,0.9218232131815280,7.980281413,-7.709800295,5.0196,"[1, 1, 0, 0, 1]",4,-0.4609977431846780,0.9132138034461380,0.37604411813939700
ep-28977,CC1COC(C)C1=O,1.0538147932248000,0.445994518,-7.55115795,4.4964,"[1, 1, 0, 0, 1]",4,-0.2166927893682140,0.3319401507762270,1.5281770788394900
ep-29046,CC1CC(C)(C)CO1,0.8609299261087820,7.911980849,-7.548164698,7.4829,"[1, 1, 0, 0, 1]",4,-0.6644046795598200,1.0153125789506300,0.20892806626892700
ep-29061,CCC1COC(C)C1,0.8631660872421410,7.992798647,-7.544355105,7.0967,"[1, 1, 0, 0, 1]",4,-0.6941244401334370,1.0177645580843400,0.22909428234426100
ep-29095,COC1COC(C)C1,0.5970941301737090,8.026540759,-7.653472739,4.686,"[1, 1, 0, 0, 1]",4,-0.8979220600894460,1.026594217973500,-0.48090882634599800
ep-30716,COC1COCC1C,0.5952237189775110,8.025996531,-7.703541678,6.4653,"[1, 1, 0, 0, 1]",4,-0.7169693284426520,1.0302264812714300,-0.604965645793549
ep-31074,COC1CCCOC1,1.059803452124770,8.231170336,-7.846401423,2.7074,"[1, 1, 0, 0, 1]",4,-0.22732506705035300,0.814648370034007,0.7534995260669920
ep-32626,COC1OCCC1C,1.0744625525570000,7.92422597,-7.885313696,2.5666,"[1, 1, 0, 0, 1]",4,-0.13602926880085000,0.7700087269375520,0.8002152070714670
ep-32628,COC1CCCCO1,1.0326706270083600,7.953886374,-7.82544866,3.8288,"[1, 1, 0, 0, 1]",4,-0.2144307452552660,0.8219459350723060,0.6633214432231820
ep-32943,COC1CC(C)CO1,1.0641385697901300,8.049670432,-7.885857924,2.7327,"[1, 1, 0, 0, 1]",4,-0.14322191905765100,0.7847116871849870,0.7523649663827100
ep-371,C1CCOC1,1.160044585568600,8.039057993,-7.662724608,1.0116,"[1, 0, 0, 0, 1]",4,-0.695579943138129,-0.5769691323860870,1.164220329058460
ep-37630,CC1(C)CCCOC1,0.962464051061794,8.353349432,-7.687759078,4.2059,"[1, 0, 0, 0, 1]",4,-0.6912816255326290,-0.4658782494052190,0.4167025067858460
ep-37645,CC1COCC1(C)C,0.8940359093548890,7.975655478,-7.593879817,5.6536,"[1, 0, 0, 0, 1]",4,-0.8221973724710010,-0.4236548411437150,0.25541327987885100
ep-37646,CC1COCC(C)C1,0.9174749066957270,8.308450655,-7.656465991,6.1379,"[1, 0, 0, 0, 1]",4,-0.6830260610024260,-0.421352476931581,0.22570682634761900
ep-37669,CC1(C)COCC1=O,1.0361741280654100,0.465042484,-7.56258673,7.3219,"[1, 0, 0, 0, 1]",4,-0.2302663756551610,-1.0264731115724600,1.241439192462920
ep-37676,CCC1(C)CCOC1,0.8831226847155460,7.98082564,-7.597145182,7.2314,"[1, 0, 0, 0, 1]",4,-0.7424547199635520,-0.40206955186249900,0.14787024439431200
ep-37677,CC1CCOCC1C,0.8996843916840860,8.220830012,-7.587893313,7.4609,"[1, 0, 0, 0, 1]",4,-0.7431838332509960,-0.381583411371579,0.16925261642656000
ep-37679,CCC1CCCOC1,0.9090953931162200,8.306817973,-7.647758349,7.83,"[1, 0, 0, 0, 1]",4,-0.6150159441610610,-0.3951895712369500,0.12884500491036100
ep-37710,CC1COCCC1=O,0.9642739052814410,0.548581421,-7.366664794,5.6495,"[1, 0, 0, 0, 1]",4,-0.7353559007983650,-0.946988147916902,1.2492561045606800
ep-37917,CCC1COCC1C,0.8801886085357480,8.045588725,-7.569661688,6.7136,"[1, 0, 0, 0, 1]",4,-0.8245022877090290,-0.3922272573603340,0.17774648322120300
ep-38035,CCC1COCC1=O,1.042919963360330,0.443545494,-7.568573233,8.0022,"[1, 0, 0, 0, 1]",4,-0.17538970370511100,-1.0240183068080200,1.225924267079770
ep-38065,CC(C)C1CCOC1,0.8895347113895490,8.061371325,-7.581634696,5.894,"[1, 0, 0, 0, 1]",4,-0.8396399567555800,-0.4081051513595290,0.2327265379628240
ep-38067,CC1(C)CCOCC1,0.9567657495276770,8.230898222,-7.585716403,3.1868,"[1, 0, 0, 0, 1]",4,-0.9219637294815990,-0.448498231615945,0.5307946632651570
ep-38085,CCCC1CCOC1,0.8960043820476190,8.016744662,-7.590614451,5.88,"[1, 0, 0, 0, 1]",4,-0.8159991268045510,-0.41699056756397000,0.24901822990683600
ep-38087,CCC1CCOCC1,0.9187965308898010,8.238517409,-7.643404528,6.4819,"[1, 0, 0, 0, 1]",4,-0.6819467082955680,-0.4182132945144520,0.22836855074109900
ep-399,C1COCO1,0.937751077736829,7.517960066,-8.214571394,1.9911,"[1, 0, 0, 0, 1]",4,0.12482894592255100,-0.7475105587278170,0.15435270011123800
ep-493398,CC(=O)C1OCCC1C,0.9692382553241810,0.56354768,-7.360134062,2.8626,"[1, 1, 0, 0, 1]",4,-0.7255365674346300,0.41639483558074500,1.4923697367370500
ep-493404,CC(C)C1OCCC1=O,1.0728885818819900,0.454430046,-7.540001284,3.3895,"[1, 1, 0, 0, 1]",4,-0.27747201186432000,0.3177767563512070,1.6407337285912900
ep-493440,CCC1OCC(=O)C1C,1.0491118686586100,0.445994518,-7.532109984,4.2344,"[1, 1, 0, 0, 1]",4,-0.2684633072447560,0.3371572144065020,1.5407121881555400
ep-493886,CCC1(C)OCCC1=O,1.0738780730919700,0.448171429,-7.54326665,3.1642,"[1, 1, 0, 0, 1]",4,-0.2826404692447100,0.3130352146186600,1.652357757470500
ep-493897,COC1C(=O)COC1C,0.8245555860174210,0.216874699,-7.80177476,3.6451,"[1, 1, 0, 0, 1]",4,-0.04034416211094930,0.2759587825971700,0.7710992851773390
ep-493924,CCC1OCC(C)C1=O,1.066689449260270,0.56572459,-7.540273398,3.2704,"[1, 1, 0, 0, 1]",4,-0.2956816651509520,0.32679885549885000,1.6192539434292200
ep-493930,CCC1OCCCC1=O,0.9980821560777570,0.514567196,-7.443400885,3.3579,"[1, 1, 0, 0, 1]",4,-0.5234262725227240,0.3794066469706220,1.4955575957339100
ep-493936,CCC1OCOCC1=O,1.1367739168174700,0.548037193,-7.790073866,4.2644,"[1, 1, 0, 0, 1]",4,0.2608111446045790,0.22475711282740300,1.5948778742642500
ep-493937,COC1CCOCC1=O,1.1167677018215900,0.276467621,-7.738916472,4.0468,"[1, 1, 0, 0, 1]",4,0.15580916832792700,0.22533031238074000,1.6083574660648500
ep-493964,CCC1OCC(=O)C1=O,1.0304490891752600,-0.249528355,-8.183006194,2.134,"[1, 1, 0, 0, 1]",4,0.7671423002702280,0.02019199629678740,1.1909054034454800
ep-493980,CCC1OC(C)CC1=O,1.0692071341410900,0.479464516,-7.540817626,3.1966,"[1, 1, 0, 0, 1]",4,-0.29146032632391000,0.3181516073955370,1.6367977650169700
ep-494034,CCCC1OCCC1=O,1.08521085453245,0.457967525,-7.558777136,2.9969,"[1, 1, 0, 0, 1]",4,-0.2541890972113130,0.30276765938628200,1.6802156911435300
ep-494039,CC(=O)C1CC(C)CO1,0.966431439541847,0.555112152,-7.38571276,6.5393,"[1, 1, 0, 0, 1]",4,-0.4852166930042240,0.4519318783570950,1.2942013939655400
ep-494393,CCC1CC(=O)CCO1,1.0257631639896000,0.461232891,-7.39931845,2.6929,"[1, 1, 0, 0, 1]",4,-0.6055924344084490,0.37551403370761700,1.6397648831154100
ep-494482,CCC1CCC(=O)CO1,1.010943192771700,0.560282314,-7.483401614,4.976,"[1, 1, 0, 0, 1]",4,-0.3567317254276180,0.38425387056896200,1.4233740811710400
ep-494669,CCC1CC(=O)C(C)O1,1.09046049637931,0.454974274,-7.544899333,2.552,"[1, 1, 0, 0, 1]",4,-0.2969234863334970,0.30074837759426400,1.7258298459761900
ep-495005,CC(=O)OC1CCOC1,0.8665175952314860,0.192928684,-7.402855929,7.8346,"[1, 1, 0, 0, 1]",4,-0.46361044519846200,0.46131226603579200,0.9728775945165780
ep-497236,COC(=O)c1cc#co1,0.951218567084954,-0.533887276,-7.713882002,1.5632,"[1, 1, 0, 0, 1]",4,-0.139033037526309,0.18754325370945900,1.349457261746010
ep-497844,CC(=O)C1COCC1C,0.4484459227906150,0.582595646,-7.35850138,5.626,"[1, 0, 0, 0, 1]",4,-1.25892026354949,-0.794008718074975,-0.18945302136570800
ep-497845,CC(C)C1COCC1=O,1.0687470178116000,0.436198421,-7.53755226,3.5663,"[1, 0, 0, 0, 1]",4,-0.44261490941500500,-1.0746389286012200,1.5293898845479500
ep-498273,CC(=O)C1(C)CCOC1,0.3577692088131340,0.559738087,-7.406121295,2.6115,"[1, 0, 0, 0, 1]",4,-1.4266261962833000,-0.824369055294342,-0.3325301466801730
ep-498275,CC1(C)COCCC1=O,1.0006757382625400,0.510485489,-7.413196253,1.8854,"[1, 0, 0, 0, 1]",4,-0.8198034088979130,-1.0236524210392400,1.4989455426016800
ep-498279,CC1OCC(=O)C1(C)C,1.0650698623921300,0.478103947,-7.541906081,3.3948,"[1, 1, 0, 0, 1]",4,-0.28287068077883400,0.32124358414895400,1.615248925420880
ep-498286,CCC1(C)COCC1=O,1.0574057461604300,0.486539474,-7.542994536,6.6934,"[1, 0, 0, 0, 1]",4,-0.2784825269719930,-1.0312470504967100,1.3422967042894300
ep-498292,CC1(C=O)COCC1=O,0.7881779955913040,0.018775852,-7.867626299,2.3619,"[1, 0, 0, 0, 1]",4,-0.18744486572357600,-1.164649001646460,0.6059174934121130
ep-498297,CC1OCC(C)(C)C1=O,1.0690182994931600,0.572527435,-7.550069495,3.2369,"[1, 1, 0, 0, 1]",4,-0.27859443825572400,0.3226251824279500,1.6198933896982900
ep-498303,CC1(C)COC(=O)C1=O,0.9116083814412180,-0.171975922,-7.685582167,4.6911,"[1, 1, 0, 0, 1]",4,-0.0783949345931049,0.2762047078806070,1.0801561871879000
ep-498311,CCC1COCCC1=O,0.9759434764116470,0.570622639,-7.359589835,3.1289,"[1, 0, 0, 0, 1]",4,-0.8733093633409970,-0.9767356703889080,1.4036381998779100
ep-498314,CC(=O)C1CCCOC1,0.9451997446577170,0.615793529,-7.352242762,6.5773,"[1, 0, 0, 0, 1]",4,-0.7327827559756580,-0.9195317126767170,1.1565629463774300
ep-498317,CCC1C(=O)COC1C,1.0724266078915600,0.436198421,-7.549253153,3.2599,"[1, 1, 0, 0, 1]",4,-0.26786032138772100,0.31144945977927800,1.6406246560056700
ep-498318,CC(=O)C1CCOC1C,0.9786652597910890,0.523002724,-7.382719508,4.0491,"[1, 1, 0, 0, 1]",4,-0.6108952897605560,0.41659516579630200,1.4505203381104800
ep-498333,CCC1COC(C)C1=O,1.066363291356080,0.563819794,-7.542994536,3.6868,"[1, 1, 0, 0, 1]",4,-0.2687247081107240,0.33081605897096200,1.5969922362695900
ep-498342,CCC1COC(=O)C1=O,0.8960971621303650,-0.195649822,-7.677690867,3.4089,"[1, 1, 0, 0, 1]",4,-0.17512647142653600,0.26604089151426300,1.104711916468230
ep-498343,O=CC(=O)C1CCOC1,0.6271393946829440,-0.352115257,-7.947083529,5.5864,"[1, 0, 0, 0, 1]",4,-0.01327290375540800,-1.1380486125502000,-0.020119735550995600
ep-498346,CCCC1COCC1=O,1.0476665424539900,0.417694683,-7.55115795,5.705,"[1, 0, 0, 0, 1]",4,-0.32336323167897200,-1.049007605862980,1.361788066575100
ep-498360,COCC1COCC1=O,0.4171557188649400,0.396197693,-7.532109984,3.9301,"[1, 0, 0, 0, 1]",4,-1.0697141143111900,-0.8849623200915140,-0.30279402234975100
ep-498361,CC(=O)C1COCOC1,0.9965117581434460,0.398102489,-7.477142996,5.7931,"[1, 0, 0, 0, 1]",4,-0.4960655615852100,-1.0073729113676900,1.2681394714479300
ep-498533,CCC1COCC(=O)C1,1.0002106639326400,0.516199879,-7.446122023,5.5909,"[1, 0, 0, 0, 1]",4,-0.5636783245904310,-0.9900416078344570,1.2996049518270000
ep-498674,COC(=O)C1CCOC1,0.480064233146158,0.317012577,-7.419454871,7.9113,"[1, 1, 0, 0, 1]",4,-0.8168602303369180,0.5764422116686120,-0.13382117655120300
ep-502272,CC1OCCC(=O)C1=O,0.7709081362898370,0.096600399,-7.925586539,2.2799,"[1, 1, 0, 0, 1]",4,0.05474009949219090,0.21915549363299100,0.6088868096739110
ep-502278,COC1COC(=O)C1=O,1.0331821707293200,-0.336604771,-7.83116305,2.7911,"[1, 1, 0, 0, 1]",4,0.20002774720467800,0.15116116641627200,1.4217161003163200
ep-502282,CC1OC(C)C(=O)C1=O,1.0116922764048800,-0.221500633,-8.168039935,1.6894,"[1, 1, 0, 0, 1]",4,0.6972546478808820,0.027901155613901600,1.1674649978887600
ep-502286,O=CC(=O)C1COCO1,0.8067757143721360,-0.595384994,-8.221374239,3.0548,"[1, 1, 0, 0, 1]",4,0.6829877658892200,0.05381111265663790,0.524816164035584
ep-502303,O=CC1OCC(=O)C1=O,0.9596229999469750,-0.596201336,-8.258381716,2.9458,"[1, 1, 0, 0, 1]",4,0.8913335680146900,-0.0050425836517860200,0.9315458353582160
ep-503166,COCC1OCOC1=O,0.7495688668170190,-0.019592194,-7.70871184,3.1894,"[1, 1, 0, 0, 1]",4,-0.28675286260149200,0.30768442478601700,0.6683843727301370
ep-503256,COC1OCCC(=O)O1,0.9270595141858090,1.579348495,-7.36856959,3.1344,"[1, 1, 0, 0, 1]",4,-0.7940125290300080,0.5090050623194200,1.2684460339767700
ep-503264,COC1(C)COCC1=O,0.7574809671198450,0.41034761,-7.719324278,4.5492,"[1, 1, 0, 0, 1]",4,-0.21111880962569100,0.35209822539036000,0.5821189233661670
ep-503265,COC1COC(C)C1=O,0.8289055409921570,0.288168514,-7.811026629,3.8758,"[1, 1, 0, 0, 1]",4,-0.011549059454275700,0.2797370132612540,0.7597936134887070
ep-503553,CCOC1COCC1=O,0.6591202985052980,0.251705265,-7.762318259,2.454,"[1, 1, 0, 0, 1]",4,-0.3372822423750720,0.32613719243543000,0.3891735992924890
ep-503564,COC1OCOCC1=O,0.8425887238349800,0.151023159,-7.949804667,4.8188,"[1, 1, 0, 0, 1]",4,0.30096558026565300,0.22497021936864300,0.6681640030244190
ep-503680,CC1OCC(=O)C(C)O1,1.2463824361574300,0.783959858,-7.732385741,2.401,"[1, 1, 0, 0, 1]",4,0.1547912549678630,0.21072980579416000,2.009328542727770
ep-503756,CCC1OCC(=O)CO1,1.1504490285999700,0.229391933,-7.742726065,2.9335,"[1, 1, 0, 0, 1]",4,0.13805136393540300,0.19696315142776100,1.75634579583372
ep-505642,CCCC1OCOC1=O,1.0542741170048500,0.223677544,-7.571294371,2.6416,"[1, 1, 0, 0, 1]",4,-0.2690069051712460,0.28409695751657900,1.6217741165950500
ep-505649,COC(=O)C1CCCO1,0.4341978400954170,0.262045589,-7.351154307,5.5755,"[1, 1, 0, 0, 1]",4,-1.1032032964986700,0.5820455681202130,-0.09951996989074220
ep-505681,CC1COC(C=O)C1=O,0.6694519119896020,-0.031293087,-7.801230532,2.6929,"[1, 1, 0, 0, 1]",4,-0.23108803304353700,0.2892663042554180,0.40385198303572900
ep-505754,O=CC1CCC(=O)CO1,0.8864360739408660,0.00571439,-7.561498274,7.6166,"[1, 1, 0, 0, 1]",4,-0.17035904679682300,0.3792495600804280,0.9437273601699260
ep-505854,CC1C(=O)COC1C=O,1.2128276647297800,0.148302021,-7.825176547,2.7844,"[1, 1, 0, 0, 1]",4,0.33869277345965800,0.14027683899079800,1.8869914004926400
ep-505894,COC1OCC(=O)C1=O,1.1257552036978400,-0.296604042,-8.25865383,3.1136,"[1, 1, 0, 0, 1]",4,1.0472793317886300,-0.026913656806157800,1.3623424852644700
ep-505896,CCOC1OCCC1=O,0.8791902426695140,0.297692497,-7.717419482,4.4958,"[1, 1, 0, 0, 1]",4,-0.09159961703068750,0.30842816318557200,0.9360292160987100
ep-506868,O=C1COCC(=O)C1=O,1.09139764889973,-0.537152641,-8.366138781,3.331,"[1, 0, 0, 0, 1]",4,1.0576202974203000,-1.468588794291060,1.1066189845650400
ep-507127,CC1CC(=O)C(=O)CO1,0.8190603834437980,0.062858288,-7.937015318,2.2668,"[1, 1, 0, 0, 1]",4,0.12298092415037000,0.19831027558026100,0.7390582049956840
ep-507142,CC1COCC(=O)C1=O,0.779292826632386,-0.047075687,-7.935110522,2.217,"[1, 0, 0, 0, 1]",4,-0.08331378949240880,-1.1941386236006600,0.5462436480717910
ep-508207,CC1(C)COCC(=O)C1,0.9990743316584590,0.533887276,-7.487211207,7.9604,"[1, 0, 0, 0, 1]",4,-0.3667618563260750,-0.9746363906780720,1.1545405947119000
ep-508298,CC1CC(=O)COC1C,0.998005641981752,0.57715337,-7.453469096,5.1732,"[1, 1, 0, 0, 1]",4,-0.411631811832084,0.40280906946125900,1.3974389164035400
ep-508310,COC1OCC(=O)C1C,0.8899703084072610,0.308032822,-7.645309325,2.0326,"[1, 1, 0, 0, 1]",4,-0.3394462134046960,0.30285349469947400,1.131812866346040
ep-508490,CC1C(=O)COC1(C)C,1.092784373566350,0.441640697,-7.538096488,2.2917,"[1, 1, 0, 0, 1]",4,-0.31973430480422900,0.29837571318155000,1.7504987650818900
ep-508507,CC1OC(C)C(C)C1=O,1.0931284070588200,0.431572487,-7.540817626,1.87,"[1, 1, 0, 0, 1]",4,-0.33685881559438300,0.2913211686410740,1.7702736338949600
ep-508621,CC(C)C1CC(=O)CO1,1.0901315507007800,0.369802654,-7.559593478,3.0837,"[1, 1, 0, 0, 1]",4,-0.23837193325870000,0.29514249093399900,1.6968912049028600
ep-508633,CC(C)C1OCC(=O)O1,1.0198550752400600,0.107212837,-7.565579981,7.1549,"[1, 1, 0, 0, 1]",4,-0.06286631397692400,0.3419631569558120,1.327019655299880
ep-508713,CC1OC(=O)C(C)(C)O1,1.0016627701052200,0.078096661,-7.507619742,5.6661,"[1, 1, 0, 0, 1]",4,-0.25988204508504200,0.3482000337866800,1.3893683177709400
ep-508763,CC(C)C1OCOC1=O,1.0388156015031100,0.189663319,-7.592519248,5.303,"[1, 1, 0, 0, 1]",4,-0.10198096391851500,0.31044753563006600,1.4412760115411000
ep-513521,CC1OC(C)(C)OC1=O,0.9929591684567140,0.39674192,-7.486122752,5.9269,"[1, 1, 0, 0, 1]",4,-0.30931508499745800,0.3870620736694300,1.340445914655550
ep-513524,CCC1OC(=O)C(C)O1,1.2453990776429200,0.16544519,-7.541633967,7.0914,"[1, 1, 0, 0, 1]",4,0.11031698724276900,0.2901703447109270,1.9725716496160100
ep-513555,COC(=O)c1c#coc1,0.8052330148950310,-0.55783329,-7.729664603,4.2546,"[1, 1, 0, 0, 1]",4,-0.10848917432789900,0.25441234873721600,0.8054516560944950
ep-513619,COC1(C)OCC(=O)O1,0.9884197600616970,0.074831295,-7.618370059,5.9906,"[1, 1, 0, 0, 1]",4,-0.06317044329598720,0.31457820082188700,1.2597022382180600
ep-513645,CC(=O)OC1COCO1,1.0569727406938300,0.058504467,-7.534286894,3.5536,"[1, 1, 0, 0, 1]",4,-0.2721838507123660,0.2951335394820790,1.6265089251489100
ep-513805,CCC1OC(C)OC1=O,1.0113425648991100,0.098233082,-7.528844618,5.1898,"[1, 1, 0, 0, 1]",4,-0.24038049722199900,0.3333286527213040,1.422258567171650
ep-513857,CCOC1OCOC1=O,0.9226270338248440,-0.119730072,-7.713882002,5.5111,"[1, 1, 0, 0, 1]",4,0.022805594770552100,0.2766934902437090,1.0480386293988200
ep-524174,CC1CC(=O)C(C)(C)O1,1.1029784121313700,0.452797363,-7.547076243,1.9578,"[1, 1, 0, 0, 1]",4,-0.31278310094446000,0.288931530060782,1.7874770507114800
ep-524175,CC1(C)OCCCC1=O,0.9826710590772870,0.712121815,-7.437686495,7.1099,"[1, 1, 0, 0, 1]",4,-0.35710500043659600,0.44738095843761600,1.2628350188588800
ep-524177,CC(=O)C1(C)COCO1,1.0308836189206600,0.439191673,-7.518504294,4.6132,"[1, 1, 0, 0, 1]",4,-0.2891410005576580,0.35150946898278300,1.4820191601597200
ep-524178,CC1(C)OCOCC1=O,1.173251136312410,0.557016949,-7.758236552,2.4404,"[1, 1, 0, 0, 1]",4,0.1425564293794710,0.20457939338474200,1.8043200748434300
ep-524184,CC1COC(C)(C)C1=O,1.0412626763001100,0.564636135,-7.53755226,4.8015,"[1, 1, 0, 0, 1]",4,-0.242734118371571,0.35369254045921000,1.4780535446603600
ep-524189,CCC1(C)OCOC1=O,1.0190441889885300,0.143676086,-7.554151202,6.5884,"[1, 1, 0, 0, 1]",4,-0.11604860554914100,0.3424046869947540,1.3563039706434800
ep-524247,CC1OC(C)(C)CC1=O,1.0797602305803800,0.464498257,-7.532654212,2.7692,"[1, 1, 0, 0, 1]",4,-0.31747353661325500,0.3117605212995740,1.6934430075268200
ep-524255,CCC1(C)CC(=O)CO1,1.0830683131340700,0.387762165,-7.548436812,3.1991,"[1, 1, 0, 0, 1]",4,-0.259422507030957,0.3041344594386700,1.6779816619137300
ep-524257,CC1(C)CCC(=O)CO1,1.0097478130265300,0.536064186,-7.424625033,3.2035,"[1, 1, 0, 0, 1]",4,-0.5540509039344740,0.38285521795103700,1.5467672642762400
ep-525407,CC1(C)OCC(=O)C1=O,1.021272017377560,-0.225310226,-8.154434245,2.1284,"[1, 1, 0, 0, 1]",4,0.7069489225284480,0.03527124841229380,1.183451020348880
ep-527277,COC1COCCC1=O,0.4849481918970760,0.428035007,-7.497551531,2.9449,"[1, 1, 0, 0, 1]",4,-0.9506143823303090,0.4941900412643290,0.04939693642141340
ep-527281,COC1COCC(=O)C1,0.535168024567167,0.35592485,-7.547892584,5.129,"[1, 1, 0, 0, 1]",4,-0.692267690387202,0.4821033018496680,0.05791772799417620
ep-527314,CC(=O)C1COCCO1,0.3685020199495320,0.474566467,-7.381358939,3.0237,"[1, 1, 0, 0, 1]",4,-1.2646986129818300,0.5752754212549570,-0.20252922203688600
ep-527315,COCC1OCCC1=O,0.4969673798357310,0.341502819,-7.687486964,4.2272,"[1, 1, 0, 0, 1]",4,-0.5355435843581830,0.4290551517282900,-0.10306844142532100
ep-527327,COCC1CC(=O)CO1,1.0824878735334600,0.334972088,-7.605308596,4.5364,"[1, 1, 0, 0, 1]",4,-0.08634299904530860,0.29534186316023100,1.578062766129480
ep-527372,COC(=O)C1OCCO1,0.6630110566143760,0.01360569,-7.620002741,5.2297,"[1, 1, 0, 0, 1]",4,-0.4173416106543120,0.39291551977595800,0.38957240269642500
ep-529025,CC1COC(C)C(=O)C1,1.0054928211941200,0.568173614,-7.469795924,4.3828,"[1, 1, 0, 0, 1]",4,-0.41809633752432700,0.3842442815081170,1.4449203911617000
ep-529133,COC1OCCCC1=O,1.045620119032260,0.396469807,-7.618370059,5.425,"[1, 1, 0, 0, 1]",4,-0.055376301336158300,0.3167544129691850,1.4186780719958300
ep-529209,CC1CC(C)C(=O)CO1,1.0003410680441400,0.572799549,-7.474966086,4.5898,"[1, 1, 0, 0, 1]",4,-0.4032827268723660,0.38669221680852800,1.4167447060725100
ep-529213,CCCC1CC(=O)CO1,1.164424044093810,0.351843143,-7.569933802,2.4454,"[1, 1, 0, 0, 1]",4,-0.180951090658793,0.2608383584019990,1.92901322699926
ep-529221,CCCC1OCC(=O)O1,1.0246101566828800,-0.041633411,-7.574831851,8.0436,"[1, 1, 0, 0, 1]",4,0.014021804183658700,0.3362456414360080,1.3047746617664800
ep-529823,CCC1(C)OCC(=O)O1,1.002835089807120,0.065307312,-7.513334132,7.1209,"[1, 1, 0, 0, 1]",4,-0.16966769827846100,0.36249654461764100,1.3212422213610500
ep-531801,COC1(C)CC(=O)CO1,1.0538379191088400,0.390483303,-7.580002013,5.9519,"[1, 1, 0, 0, 1]",4,-0.08509358429714750,0.334607801447681,1.444260780681520
ep-531875,COC1CCC(=O)CO1,1.0252584846731300,0.572799549,-7.498367873,3.6039,"[1, 1, 0, 0, 1]",4,-0.3914132464990850,0.35883838444978300,1.5164476892236000
ep-532075,CC1CC(=O)C(C)CO1,0.993794158588376,0.545588169,-7.362583087,2.9182,"[1, 1, 0, 0, 1]",4,-0.6931954362955880,0.4077200238102250,1.5582533362297200
ep-532096,CC1COCC(C)C1=O,0.9668644364437980,0.571711094,-7.390338694,2.2668,"[1, 0, 0, 0, 1]",4,-0.8754511838126430,-0.9959949191782530,1.3971908321568500
ep-532142,CCC(=O)C1COCO1,0.539022214846753,0.468852077,-7.435509585,3.5309,"[1, 1, 0, 0, 1]",4,-0.9757847237175770,0.512139660226875,0.2130172586576240
ep-532511,CC1CCC(=O)C(C)O1,1.0148564270663300,0.597017677,-7.456734461,3.2898,"[1, 1, 0, 0, 1]",4,-0.4920911324753840,0.37534968257247800,1.529248295894670
ep-534169,COC1OC(C)CC1=O,0.743271847584756,0.362183468,-7.681228346,3.1107,"[1, 1, 0, 0, 1]",4,-0.3660133872608820,0.34892888451618000,0.6409511574492340
ep-534179,COC1OCC(C)C1=O,0.9039153919533970,0.323815422,-7.734290537,4.1886,"[1, 1, 0, 0, 1]",4,-0.05609493699116210,0.29340805999514600,1.00557254033771
ep-534230,CC1CCOC(C)C1=O,1.017259420827800,0.552935242,-7.454829665,2.4866,"[1, 1, 0, 0, 1]",4,-0.5338998056841220,0.3620740980366330,1.5789082077358300
ep-534243,CC(=O)C1OCC(C)O1,0.5299846650164930,0.401639969,-7.550613722,2.3526,"[1, 1, 0, 0, 1]",4,-0.8448827361984280,0.4522888500882210,0.1683112065105320
ep-534272,CC1C(=O)COCC1=O,1.3884457976887300,0.118641617,-7.806944922,2.8711,"[1, 0, 0, 0, 1]",4,0.3183839292484620,-1.2997018269218700,2.294668354875740
ep-534286,CC1OCOC(C)C1=O,1.1499165738931000,0.542322803,-7.75306639,3.0384,"[1, 1, 0, 0, 1]",4,0.14375113805505300,0.21931313989757200,1.7157903095333300
ep-535111,CC1(C)CCOCC1=O,0.9803563865505320,0.608718571,-7.440679747,7.1371,"[1, 0, 0, 0, 1]",4,-0.514359504146154,-0.9561422022694460,1.1671452094541200
ep-5814,CC1(C)CCOC1,1.0322260783145800,7.971301657,-7.643132414,1.5217,"[1, 0, 0, 0, 1]",4,-0.8237321108797450,-0.5322663817603010,0.8022859666948240
ep-6327,CC1COCC1C,0.900872772330018,8.032527262,-7.581362582,4.9064,"[1, 0, 0, 0, 1]",4,-0.8806372313365730,-0.42558886188096900,0.31360409667706700
ep-6359,CC1CCOC1C,0.8886241353420170,8.087222136,-7.557960795,4.5682,"[1, 1, 0, 0, 1]",4,-0.7871293042677330,0.9820252872394330,0.40169708706698000
ep-6504,CC1COCC1=O,1.189099363566750,0.30503957,-7.629254611,1.3738,"[1, 0, 0, 0, 1]",4,-0.2764403065714350,-1.1802557132000000,1.916197416190780
ep-6535,CCC1CCOC1,1.0220903915825500,8.051847342,-7.615376807,1.5451,"[1, 0, 0, 0, 1]",4,-0.8850124868476520,-0.5124058883446960,0.7853747236002750
ep-6572,CC1CCOCC1,0.938449087847323,8.36967626,-7.695922492,6.5465,"[1, 0, 0, 0, 1]",4,-0.5753920475522180,-0.4321663780856700,0.2322105865706530
ep-6637,CC1COC(C)C1,0.8807646490001890,7.941097025,-7.546532015,5.2835,"[1, 1, 0, 0, 1]",4,-0.7679809139753340,0.9856911315073130,0.3665997799447890
ep-6638,CC1CCCOC1,0.9353575106623850,8.242327002,-7.661091925,4.8807,"[1, 0, 0, 0, 1]",4,-0.7215764575271050,-0.4487677450013040,0.3373501504266520
ep-7640,CC1OCCC1=O,1.0604448390138400,0.452797363,-7.571294371,5.3606,"[1, 1, 0, 0, 1]",4,-0.12904916868298000,0.3336595743342260,1.4913303080058600
ep-7661,CCC1CCCO1,0.8893076258256960,8.190081152,-7.658098673,3.3453,"[1, 1, 0, 0, 1]",4,-0.6844781033311810,0.9378592572521760,0.38216026594005800
ep-7852,CC1CCCCO1,0.9467833761685050,8.251850985,-7.663268836,3.4895,"[1, 1, 0, 0, 1]",4,-0.6147561950504930,0.9261471892335480,0.5271834273690460
ep-7865,CC1CC(=O)CO1,1.190471604242800,0.281365669,-7.614288352,1.3081,"[1, 1, 0, 0, 1]",4,-0.1358957821408160,0.21745880531538900,2.030372081568560
ep-7868,CC1CCC(C)O1,0.9111386649960420,8.387635771,-7.625172904,3.7641,"[1, 1, 0, 0, 1]",4,-0.708521016241811,0.9645801564763990,0.4296069640415170
ep-7990,CC1OCOC1=O,1.106715702913070,0.142043404,-7.602043231,1.4264,"[1, 1, 0, 0, 1]",4,-0.2252197881103010,0.2363848026097110,1.8111122729828900
ep-8896,O=C1COCC1=O,1.0857100100963200,-0.287080059,-8.226544402,2.907,"[1, 0, 0, 0, 1]",4,0.7732571364396300,-1.4005348489480100,1.1870455158224900
ep-8902,O=C1CCOCC1,0.9856454427693030,0.483546223,-7.393876174,5.8215,"[1, 0, 0, 0, 1]",4,-0.6543160383009580,-0.9662473720417270,1.287439656783750
ep-8910,O=C1CCCOC1,1.0200133826332100,0.431572487,-7.473605517,1.5881,"[1, 0, 0, 0, 1]",4,-0.7077335564042920,-1.061482581701860,1.5314591811953000
ep-8959,O=C1COCOC1,1.4342560336043100,0.131975193,-7.818917929,1.7362,"[1, 0, 0, 0, 1]",4,0.32216792160281100,-1.3300537021334000,2.466683580326700
ep-9006,COC1CCCO1,1.1122506701697500,7.914701987,-7.923953856,2.1967,"[1, 1, 0, 0, 1]",4,-0.05136162754289210,0.7395851609452520,0.8970466021240470
ep-9462,CC1OCC(=O)O1,1.3554990196287400,-0.086532188,-7.569933802,1.371,"[1, 1, 0, 0, 1]",4,-0.027032489306490900,0.1583853063556360,2.5516338001242600
ep-9694,O=C1COCCO1,0.9443729400344730,4.80498548,-7.364487883,4.1047,"[1, 1, 0, 0, 1]",4,-0.9107535566273660,0.7725908459023990,0.9969764099171770